DATE,NUMBER OF PERSONS KILLED,NUMBER OF PERSONS INJURED,TOTAL,BRONX,BROOKLYN,MANHATTAN,QUEENS,STATEN ISLAND,MaxFactor,MaxVehicle
01/01/2016,0,124,391,43,96,66,97,9,Driver Inattention/Distraction,PASSENGER VEHICLE
01/02/2016,0,118,414,43,100,76,98,7,Driver Inattention/Distraction,PASSENGER VEHICLE
01/03/2016,0,125,422,47,102,73,82,12,Driver Inattention/Distraction,PASSENGER VEHICLE
01/04/2016,1,122,587,56,148,94,124,23,Driver Inattention/Distraction,PASSENGER VEHICLE
01/05/2016,0,106,629,71,178,84,130,16,Driver Inattention/Distraction,PASSENGER VEHICLE
01/06/2016,0,122,605,62,165,102,120,18,Driver Inattention/Distraction,PASSENGER VEHICLE
01/07/2016,1,120,521,59,132,96,107,11,Driver Inattention/Distraction,PASSENGER VEHICLE
01/08/2016,2,132,600,83,149,104,146,19,Driver Inattention/Distraction,PASSENGER VEHICLE
01/09/2016,0,140,548,54,135,106,110,23,Driver Inattention/Distraction,PASSENGER VEHICLE
01/10/2016,1,124,454,40,124,63,86,15,Driver Inattention/Distraction,PASSENGER VEHICLE
01/11/2016,1,141,675,75,176,120,137,27,Driver Inattention/Distraction,PASSENGER VEHICLE
01/12/2016,1,115,631,62,148,135,120,20,Driver Inattention/Distraction,PASSENGER VEHICLE
01/13/2016,0,131,598,49,143,124,119,17,Driver Inattention/Distraction,PASSENGER VEHICLE
01/14/2016,1,130,593,63,135,127,126,15,Driver Inattention/Distraction,PASSENGER VEHICLE
01/15/2016,1,142,714,68,148,150,133,28,Driver Inattention/Distraction,PASSENGER VEHICLE
01/16/2016,2,134,559,54,114,98,124,24,Driver Inattention/Distraction,PASSENGER VEHICLE
01/17/2016,0,115,451,53,101,79,85,11,Driver Inattention/Distraction,PASSENGER VEHICLE
01/18/2016,1,123,480,53,143,65,86,14,Driver Inattention/Distraction,PASSENGER VEHICLE
01/19/2016,1,164,660,65,159,120,136,14,Driver Inattention/Distraction,PASSENGER VEHICLE
01/20/2016,0,132,617,60,143,120,130,22,Driver Inattention/Distraction,PASSENGER VEHICLE
01/21/2016,1,145,664,56,176,139,130,18,Driver Inattention/Distraction,PASSENGER VEHICLE
01/22/2016,1,140,698,62,168,139,134,25,Driver Inattention/Distraction,PASSENGER VEHICLE
01/23/2016,0,41,402,48,102,55,112,20,Pavement Slippery,PASSENGER VEHICLE
01/24/2016,0,55,510,69,111,49,148,35,Pavement Slippery,PASSENGER VEHICLE
01/25/2016,0,74,655,57,177,109,157,24,Pavement Slippery,PASSENGER VEHICLE
01/26/2016,0,102,732,82,170,121,189,24,Driver Inattention/Distraction,PASSENGER VEHICLE
01/27/2016,0,105,665,76,158,119,144,28,Driver Inattention/Distraction,PASSENGER VEHICLE
01/28/2016,1,124,681,69,161,118,148,23,Driver Inattention/Distraction,PASSENGER VEHICLE
01/29/2016,0,112,645,72,162,116,125,26,Driver Inattention/Distraction,PASSENGER VEHICLE
01/30/2016,1,101,595,61,119,121,130,25,Driver Inattention/Distraction,PASSENGER VEHICLE
01/31/2016,0,99,532,53,149,74,108,18,Driver Inattention/Distraction,PASSENGER VEHICLE
02/01/2016,0,150,713,74,174,113,149,25,Driver Inattention/Distraction,PASSENGER VEHICLE
02/02/2016,0,145,708,58,185,137,149,36,Driver Inattention/Distraction,PASSENGER VEHICLE
02/03/2016,1,133,579,62,160,109,108,21,Driver Inattention/Distraction,PASSENGER VEHICLE
02/04/2016,0,123,608,62,149,114,108,21,Driver Inattention/Distraction,PASSENGER VEHICLE
02/05/2016,1,135,607,58,137,123,133,28,Driver Inattention/Distraction,PASSENGER VEHICLE
02/06/2016,1,134,552,66,127,116,106,20,Driver Inattention/Distraction,PASSENGER VEHICLE
02/07/2016,0,104,422,40,106,70,92,9,Driver Inattention/Distraction,PASSENGER VEHICLE
02/08/2016,0,88,496,51,124,97,93,13,Driver Inattention/Distraction,PASSENGER VEHICLE
02/09/2016,0,100,568,59,141,107,116,10,Driver Inattention/Distraction,PASSENGER VEHICLE
02/10/2016,3,107,534,56,123,111,102,20,Driver Inattention/Distraction,PASSENGER VEHICLE
02/11/2016,1,150,621,59,151,133,117,13,Driver Inattention/Distraction,PASSENGER VEHICLE
02/12/2016,1,144,627,63,142,141,115,20,Driver Inattention/Distraction,PASSENGER VEHICLE
02/13/2016,0,109,477,51,115,95,84,15,Driver Inattention/Distraction,PASSENGER VEHICLE
02/14/2016,0,55,306,23,73,78,52,3,Driver Inattention/Distraction,PASSENGER VEHICLE
02/15/2016,1,65,288,30,86,52,42,15,Pavement Slippery,PASSENGER VEHICLE
02/16/2016,1,129,611,85,134,110,129,23,Driver Inattention/Distraction,PASSENGER VEHICLE
02/17/2016,0,84,521,52,117,134,97,11,Driver Inattention/Distraction,PASSENGER VEHICLE
02/18/2016,0,117,591,65,136,115,100,16,Driver Inattention/Distraction,PASSENGER VEHICLE
02/19/2016,0,99,532,49,106,140,88,13,Driver Inattention/Distraction,PASSENGER VEHICLE
02/20/2016,2,140,554,50,128,115,110,21,Driver Inattention/Distraction,PASSENGER VEHICLE
02/21/2016,0,112,482,44,128,101,92,14,Driver Inattention/Distraction,PASSENGER VEHICLE
02/22/2016,1,103,615,70,124,107,125,23,Driver Inattention/Distraction,PASSENGER VEHICLE
02/23/2016,0,140,621,69,133,147,110,23,Driver Inattention/Distraction,PASSENGER VEHICLE
02/24/2016,0,145,654,47,149,146,122,27,Driver Inattention/Distraction,PASSENGER VEHICLE
02/25/2016,0,151,663,78,155,123,121,13,Driver Inattention/Distraction,PASSENGER VEHICLE
02/26/2016,0,116,475,45,85,108,89,20,Driver Inattention/Distraction,PASSENGER VEHICLE
02/27/2016,0,110,386,47,105,61,78,11,Driver Inattention/Distraction,PASSENGER VEHICLE
02/28/2016,5,117,508,61,125,93,91,10,Driver Inattention/Distraction,PASSENGER VEHICLE
02/29/2016,1,152,616,66,134,93,123,27,Driver Inattention/Distraction,PASSENGER VEHICLE
03/01/2016,0,122,660,68,165,125,114,22,Driver Inattention/Distraction,PASSENGER VEHICLE
03/02/2016,0,127,650,56,130,123,149,18,Driver Inattention/Distraction,PASSENGER VEHICLE
03/03/2016,1,121,623,64,160,124,116,13,Driver Inattention/Distraction,PASSENGER VEHICLE
03/04/2016,0,132,682,70,160,140,124,17,Driver Inattention/Distraction,PASSENGER VEHICLE
03/05/2016,0,148,601,75,117,119,128,19,Driver Inattention/Distraction,PASSENGER VEHICLE
03/06/2016,1,122,499,58,105,85,107,8,Driver Inattention/Distraction,PASSENGER VEHICLE
03/07/2016,0,115,568,45,153,104,106,23,Driver Inattention/Distraction,PASSENGER VEHICLE
03/08/2016,0,154,629,67,146,116,117,14,Driver Inattention/Distraction,PASSENGER VEHICLE
03/09/2016,0,169,658,76,149,110,133,17,Driver Inattention/Distraction,PASSENGER VEHICLE
03/10/2016,1,146,628,57,160,113,110,19,Driver Inattention/Distraction,PASSENGER VEHICLE
03/11/2016,2,139,667,71,157,128,111,22,Driver Inattention/Distraction,PASSENGER VEHICLE
03/12/2016,0,158,622,69,125,130,130,23,Driver Inattention/Distraction,PASSENGER VEHICLE
03/13/2016,0,110,429,31,111,92,78,10,Driver Inattention/Distraction,PASSENGER VEHICLE
03/14/2016,0,156,625,70,156,125,112,16,Driver Inattention/Distraction,PASSENGER VEHICLE
03/15/2016,1,135,592,48,141,118,124,15,Driver Inattention/Distraction,PASSENGER VEHICLE
03/16/2016,0,167,598,52,159,122,125,18,Driver Inattention/Distraction,PASSENGER VEHICLE
03/17/2016,0,141,585,52,127,121,121,17,Driver Inattention/Distraction,PASSENGER VEHICLE
03/18/2016,0,156,631,61,136,117,152,26,Driver Inattention/Distraction,PASSENGER VEHICLE
03/19/2016,1,155,519,53,117,99,106,14,Driver Inattention/Distraction,PASSENGER VEHICLE
03/20/2016,1,181,462,45,122,68,90,22,Driver Inattention/Distraction,PASSENGER VEHICLE
03/21/2016,0,186,604,62,173,95,117,17,Driver Inattention/Distraction,PASSENGER VEHICLE
03/22/2016,1,146,602,58,154,116,125,17,Driver Inattention/Distraction,PASSENGER VEHICLE
03/23/2016,0,146,603,65,140,109,119,28,Driver Inattention/Distraction,PASSENGER VEHICLE
03/24/2016,0,163,613,65,129,115,121,19,Driver Inattention/Distraction,PASSENGER VEHICLE
03/25/2016,0,163,539,52,135,97,112,13,Driver Inattention/Distraction,PASSENGER VEHICLE
03/26/2016,2,155,521,57,115,105,121,16,Driver Inattention/Distraction,PASSENGER VEHICLE
03/27/2016,0,154,447,48,105,64,94,12,Driver Inattention/Distraction,PASSENGER VEHICLE
03/28/2016,0,195,651,63,173,112,129,26,Driver Inattention/Distraction,PASSENGER VEHICLE
03/29/2016,0,162,666,63,162,123,144,24,Driver Inattention/Distraction,PASSENGER VEHICLE
03/30/2016,0,158,640,56,158,125,134,16,Driver Inattention/Distraction,PASSENGER VEHICLE
03/31/2016,0,174,641,56,159,136,123,20,Driver Inattention/Distraction,PASSENGER VEHICLE
04/01/2016,0,196,697,84,174,144,127,16,Driver Inattention/Distraction,PASSENGER VEHICLE
04/02/2016,0,185,587,70,126,124,118,11,Driver Inattention/Distraction,PASSENGER VEHICLE
04/03/2016,0,176,574,62,132,117,132,12,Driver Inattention/Distraction,PASSENGER VEHICLE
04/04/2016,1,191,675,70,166,143,132,14,Driver Inattention/Distraction,PASSENGER VEHICLE
04/05/2016,1,163,665,66,152,147,128,24,Driver Inattention/Distraction,PASSENGER VEHICLE
04/06/2016,1,161,612,62,167,122,108,18,Driver Inattention/Distraction,PASSENGER VEHICLE
04/07/2016,2,159,625,65,153,115,125,17,Driver Inattention/Distraction,PASSENGER VEHICLE
04/08/2016,0,191,673,73,154,122,146,16,Driver Inattention/Distraction,PASSENGER VEHICLE
04/09/2016,0,152,553,55,121,111,132,13,Driver Inattention/Distraction,PASSENGER VEHICLE
04/10/2016,0,174,490,63,128,84,90,15,Driver Inattention/Distraction,PASSENGER VEHICLE
04/11/2016,0,144,616,75,166,113,105,21,Driver Inattention/Distraction,PASSENGER VEHICLE
04/12/2016,1,143,630,67,151,105,130,30,Driver Inattention/Distraction,PASSENGER VEHICLE
04/13/2016,0,173,683,62,152,126,123,31,Driver Inattention/Distraction,PASSENGER VEHICLE
04/14/2016,1,152,668,56,179,115,132,21,Driver Inattention/Distraction,PASSENGER VEHICLE
04/15/2016,1,156,722,59,172,153,132,21,Driver Inattention/Distraction,PASSENGER VEHICLE
04/16/2016,0,190,664,76,161,123,149,14,Driver Inattention/Distraction,PASSENGER VEHICLE
04/17/2016,0,191,556,62,147,93,94,11,Driver Inattention/Distraction,PASSENGER VEHICLE
04/18/2016,0,190,678,86,190,115,125,18,Driver Inattention/Distraction,PASSENGER VEHICLE
04/19/2016,0,198,724,76,197,147,126,21,Driver Inattention/Distraction,PASSENGER VEHICLE
04/20/2016,2,210,687,78,161,122,149,25,Driver Inattention/Distraction,PASSENGER VEHICLE
04/21/2016,0,187,687,70,156,141,126,24,Driver Inattention/Distraction,PASSENGER VEHICLE
04/22/2016,0,194,736,70,146,166,158,19,Driver Inattention/Distraction,PASSENGER VEHICLE
04/23/2016,0,201,637,78,150,113,127,15,Driver Inattention/Distraction,PASSENGER VEHICLE
04/24/2016,0,129,432,49,95,71,87,13,Driver Inattention/Distraction,PASSENGER VEHICLE
04/25/2016,0,131,479,53,131,94,92,10,Driver Inattention/Distraction,PASSENGER VEHICLE
04/26/2016,0,137,477,47,113,100,92,9,Driver Inattention/Distraction,PASSENGER VEHICLE
04/27/2016,1,141,506,56,122,94,93,19,Driver Inattention/Distraction,PASSENGER VEHICLE
04/28/2016,0,104,488,56,112,101,81,11,Backing Unsafely,PASSENGER VEHICLE
04/29/2016,0,131,512,55,110,104,102,17,Unsafe Lane Changing,PASSENGER VEHICLE
04/30/2016,1,194,574,61,145,115,106,15,Following Too Closely,PASSENGER VEHICLE
05/01/2016,2,171,481,46,116,85,95,11,Backing Unsafely,PASSENGER VEHICLE
05/02/2016,1,132,585,49,154,137,104,22,Driver Inattention/Distraction,PASSENGER VEHICLE
05/03/2016,0,167,711,69,175,125,127,19,Driver Inattention/Distraction,PASSENGER VEHICLE
05/04/2016,1,168,648,61,165,116,135,23,Driver Inattention/Distraction,PASSENGER VEHICLE
05/05/2016,0,152,623,61,153,117,121,28,Driver Inattention/Distraction,PASSENGER VEHICLE
05/06/2016,2,172,723,70,174,115,155,15,Driver Inattention/Distraction,PASSENGER VEHICLE
05/07/2016,0,170,568,73,133,89,142,15,Turning Improperly,PASSENGER VEHICLE
05/08/2016,2,200,587,67,131,82,120,12,View Obstructed/Limited,PASSENGER VEHICLE
05/09/2016,2,177,640,83,145,100,125,28,Driver Inattention/Distraction,PASSENGER VEHICLE
05/10/2016,2,148,604,73,172,102,116,16,Oversized Vehicle,PASSENGER VEHICLE
05/11/2016,0,188,692,75,167,133,116,27,Following Too Closely,PASSENGER VEHICLE
05/12/2016,0,190,737,74,153,143,146,29,Failure to Yield Right-of-Way,PASSENGER VEHICLE
05/13/2016,0,180,764,71,160,143,146,27,Failure to Yield Right-of-Way,PASSENGER VEHICLE
05/14/2016,2,181,585,64,107,108,126,26,Driver Inattention/Distraction,PASSENGER VEHICLE
05/15/2016,0,150,507,51,100,105,104,12,Backing Unsafely,PASSENGER VEHICLE
05/16/2016,1,202,734,80,177,132,129,28,Traffic Control Disregarded,PASSENGER VEHICLE
05/17/2016,1,165,616,63,138,135,118,17,Driver Inattention/Distraction,PASSENGER VEHICLE
05/18/2016,0,143,673,53,145,142,123,14,Driver Inattention/Distraction,PASSENGER VEHICLE
05/19/2016,0,184,685,60,134,138,106,16,Driver Inexperience,PASSENGER VEHICLE
05/20/2016,1,224,776,77,131,138,135,29,Alcohol Involvement,PASSENGER VEHICLE
05/21/2016,0,203,558,44,113,99,101,7,Following Too Closely,PASSENGER VEHICLE
05/22/2016,1,177,563,53,112,77,115,11,Other Vehicular,PASSENGER VEHICLE
05/23/2016,0,169,646,59,141,92,108,20,Alcohol Involvement,PASSENGER VEHICLE
05/24/2016,0,175,692,69,151,101,123,23,Backing Unsafely,PASSENGER VEHICLE
05/25/2016,0,170,725,74,149,108,110,18,Driver Inattention/Distraction,PASSENGER VEHICLE
05/26/2016,1,156,735,69,138,123,114,28,Driver Inattention/Distraction,PASSENGER VEHICLE
05/27/2016,0,199,758,81,150,129,118,18,Driver Inattention/Distraction,PASSENGER VEHICLE
05/28/2016,1,217,620,65,125,76,126,24,Backing Unsafely,PASSENGER VEHICLE
05/29/2016,1,201,561,51,118,68,108,18,Other Vehicular,PASSENGER VEHICLE
05/30/2016,0,139,466,51,94,55,84,12,Passing or Lane Usage Improper,PASSENGER VEHICLE
05/31/2016,1,188,756,68,161,114,138,17,Following Too Closely,PASSENGER VEHICLE
06/01/2016,0,191,761,72,146,107,118,28,Alcohol Involvement,PASSENGER VEHICLE
06/02/2016,0,174,673,59,133,97,109,26,Driver Inattention/Distraction,PASSENGER VEHICLE
06/03/2016,0,159,695,59,152,114,124,16,Unsafe Lane Changing,PASSENGER VEHICLE
06/04/2016,0,197,621,57,115,93,121,16,Driver Inattention/Distraction,PASSENGER VEHICLE
06/05/2016,1,139,460,47,91,65,85,5,Driver Inattention/Distraction,PASSENGER VEHICLE
06/06/2016,1,208,736,67,160,102,116,24,Backing Unsafely,PASSENGER VEHICLE
06/07/2016,2,191,690,57,135,99,126,24,Driver Inattention/Distraction,PASSENGER VEHICLE
06/08/2016,0,212,713,58,121,104,131,25,Driver Inattention/Distraction,PASSENGER VEHICLE
06/09/2016,0,123,630,44,136,95,110,12,Driver Inattention/Distraction,PASSENGER VEHICLE
06/10/2016,1,188,678,57,122,94,138,22,Driver Inattention/Distraction,PASSENGER VEHICLE
06/11/2016,1,84,392,42,77,62,50,11,Driver Inattention/Distraction,PASSENGER VEHICLE
06/12/2016,0,132,490,62,99,68,81,20,Driver Inattention/Distraction,PASSENGER VEHICLE
06/13/2016,3,124,522,58,70,80,134,24,Driver Inattention/Distraction,PASSENGER VEHICLE
06/14/2016,0,74,343,39,57,62,52,5,Other Vehicular,PASSENGER VEHICLE
06/15/2016,0,149,632,60,140,114,78,16,Driver Inattention/Distraction,PASSENGER VEHICLE
06/16/2016,2,147,678,54,127,121,109,25,Failure to Yield Right-of-Way,PASSENGER VEHICLE
06/17/2016,1,187,741,72,166,103,118,19,Driver Inattention/Distraction,PASSENGER VEHICLE
06/18/2016,2,163,695,65,128,108,127,15,Driver Inattention/Distraction,PASSENGER VEHICLE
06/19/2016,5,161,554,49,123,64,102,20,Driver Inexperience,PASSENGER VEHICLE
06/20/2016,1,168,734,67,153,112,133,25,Driver Inattention/Distraction,PASSENGER VEHICLE
06/21/2016,0,170,673,65,134,100,115,25,Backing Unsafely,PASSENGER VEHICLE
06/22/2016,0,172,743,56,152,111,132,26,Driver Inattention/Distraction,PASSENGER VEHICLE
06/23/2016,0,136,637,58,142,97,105,12,Driver Inattention/Distraction,PASSENGER VEHICLE
06/24/2016,1,216,803,73,140,117,141,16,Pedestrian/Bicyclist/Other Pedestrian Error/Confusion,PASSENGER VEHICLE
06/25/2016,1,170,678,51,129,103,131,19,Pedestrian/Bicyclist/Other Pedestrian Error/Confusion,PASSENGER VEHICLE
06/26/2016,0,226,576,59,115,84,96,22,Driver Inattention/Distraction,PASSENGER VEHICLE
06/27/2016,0,166,710,65,132,112,122,16,Failure to Yield Right-of-Way,PASSENGER VEHICLE
06/28/2016,1,157,669,47,133,105,120,28,Driver Inattention/Distraction,PASSENGER VEHICLE
06/29/2016,1,148,683,53,118,125,121,24,Driver Inexperience,PASSENGER VEHICLE
06/30/2016,1,171,754,71,154,131,128,16,Driver Inattention/Distraction,PASSENGER VEHICLE
07/01/2016,3,202,748,75,144,122,121,15,Glare,PASSENGER VEHICLE
07/02/2016,2,151,563,56,133,58,127,17,Failure to Yield Right-of-Way,PASSENGER VEHICLE
07/03/2016,2,176,441,49,99,66,78,13,Driver Inattention/Distraction,PASSENGER VEHICLE
07/04/2016,0,187,483,52,105,64,85,18,Following Too Closely,PASSENGER VEHICLE
07/05/2016,0,193,656,52,143,86,113,18,Driver Inexperience,PASSENGER VEHICLE
07/06/2016,0,155,673,59,124,100,130,15,Driver Inattention/Distraction,PASSENGER VEHICLE
07/07/2016,3,147,596,65,116,98,107,17,Driver Inattention/Distraction,PASSENGER VEHICLE
07/08/2016,1,143,606,54,124,97,108,22,Driver Inattention/Distraction,PASSENGER VEHICLE
07/09/2016,0,165,494,58,109,79,88,13,Driver Inattention/Distraction,PASSENGER VEHICLE
07/10/2016,1,161,498,48,101,73,81,23,Driver Inattention/Distraction,PASSENGER VEHICLE
07/11/2016,1,180,615,59,127,85,111,16,Driver Inattention/Distraction,PASSENGER VEHICLE
07/12/2016,1,117,658,63,114,106,121,23,Driver Inattention/Distraction,PASSENGER VEHICLE
07/13/2016,0,130,599,60,119,105,103,22,Alcohol Involvement,PASSENGER VEHICLE
07/14/2016,0,178,739,83,136,114,116,40,Driver Inattention/Distraction,PASSENGER VEHICLE
07/15/2016,0,202,792,81,129,145,126,22,Driver Inattention/Distraction,PASSENGER VEHICLE
07/16/2016,1,167,619,65,116,82,123,22,Driver Inattention/Distraction,PASSENGER VEHICLE
07/17/2016,2,159,568,59,127,66,110,10,Driver Inattention/Distraction,PASSENGER VEHICLE
07/18/2016,0,184,720,81,145,107,124,25,Driver Inattention/Distraction,PASSENGER VEHICLE
07/19/2016,0,177,691,54,134,114,115,15,Driver Inattention/Distraction,PASSENGER VEHICLE
07/20/2016,0,162,690,71,131,106,126,22,Driver Inattention/Distraction,PASSENGER VEHICLE
07/21/2016,1,216,726,61,124,138,117,19,Driver Inattention/Distraction,PASSENGER VEHICLE
07/22/2016,0,175,761,70,154,115,129,23,Driver Inattention/Distraction,PASSENGER VEHICLE
07/23/2016,1,209,644,65,127,90,115,9,Driver Inattention/Distraction,PASSENGER VEHICLE
07/24/2016,0,174,562,59,114,81,120,9,Driver Inattention/Distraction,PASSENGER VEHICLE
07/25/2016,0,160,695,60,147,105,141,20,Driver Inattention/Distraction,PASSENGER VEHICLE
07/26/2016,0,163,681,63,134,115,110,18,Driver Inattention/Distraction,PASSENGER VEHICLE
07/27/2016,1,207,683,59,137,125,102,13,Driver Inattention/Distraction,PASSENGER VEHICLE
07/28/2016,0,196,702,67,142,122,105,23,Driver Inattention/Distraction,PASSENGER VEHICLE
07/29/2016,0,195,771,64,135,110,147,19,Driver Inattention/Distraction,PASSENGER VEHICLE
07/30/2016,0,197,598,71,87,96,101,17,Driver Inattention/Distraction,PASSENGER VEHICLE
07/31/2016,1,160,529,50,115,73,92,10,Driver Inattention/Distraction,PASSENGER VEHICLE
08/01/2016,3,138,564,59,101,75,106,16,Driver Inattention/Distraction,PASSENGER VEHICLE
08/02/2016,0,195,599,60,122,87,96,17,Driver Inattention/Distraction,PASSENGER VEHICLE
08/03/2016,0,180,683,62,131,111,118,13,Driver Inattention/Distraction,PASSENGER VEHICLE
08/04/2016,0,195,712,66,145,119,129,13,Driver Inattention/Distraction,PASSENGER VEHICLE
08/05/2016,0,182,697,66,130,96,118,28,Driver Inattention/Distraction,PASSENGER VEHICLE
08/06/2016,1,176,576,57,96,69,120,16,Driver Inattention/Distraction,PASSENGER VEHICLE
08/07/2016,1,187,527,48,97,66,90,17,Driver Inattention/Distraction,PASSENGER VEHICLE
08/08/2016,0,159,629,50,125,80,118,18,Driver Inattention/Distraction,PASSENGER VEHICLE
08/09/2016,2,174,645,61,126,84,110,13,Driver Inattention/Distraction,PASSENGER VEHICLE
08/10/2016,0,203,615,55,92,96,95,24,Driver Inattention/Distraction,PASSENGER VEHICLE
08/11/2016,0,195,670,61,121,89,95,19,Driver Inattention/Distraction,PASSENGER VEHICLE
08/12/2016,1,220,727,65,129,118,106,27,Driver Inattention/Distraction,PASSENGER VEHICLE
08/13/2016,1,178,611,56,113,85,131,18,Driver Inattention/Distraction,PASSENGER VEHICLE
08/14/2016,2,143,519,52,97,80,90,15,Driver Inattention/Distraction,PASSENGER VEHICLE
08/15/2016,0,160,641,64,123,83,109,18,Driver Inattention/Distraction,PASSENGER VEHICLE
08/16/2016,1,199,635,57,132,101,126,13,Driver Inattention/Distraction,PASSENGER VEHICLE
08/17/2016,1,151,655,60,123,115,100,17,Driver Inattention/Distraction,PASSENGER VEHICLE
08/18/2016,1,184,631,62,122,88,107,9,Driver Inattention/Distraction,PASSENGER VEHICLE
08/19/2016,0,211,702,69,144,116,105,21,Driver Inattention/Distraction,PASSENGER VEHICLE
08/20/2016,0,142,579,53,95,98,98,16,Driver Inattention/Distraction,PASSENGER VEHICLE
08/21/2016,1,176,511,51,93,90,80,14,Driver Inattention/Distraction,PASSENGER VEHICLE
08/22/2016,1,182,667,59,125,89,103,18,Driver Inattention/Distraction,PASSENGER VEHICLE
08/23/2016,2,178,634,44,127,98,112,12,Driver Inattention/Distraction,PASSENGER VEHICLE
08/24/2016,1,145,635,61,126,79,96,17,Driver Inattention/Distraction,PASSENGER VEHICLE
08/25/2016,0,185,654,56,117,99,114,14,Driver Inattention/Distraction,PASSENGER VEHICLE
08/26/2016,0,180,751,58,144,107,131,21,Driver Inattention/Distraction,PASSENGER VEHICLE
08/27/2016,1,168,622,41,141,90,96,13,Driver Inattention/Distraction,PASSENGER VEHICLE
08/28/2016,0,170,554,55,93,75,93,10,Driver Inattention/Distraction,PASSENGER VEHICLE
08/29/2016,2,188,671,61,127,89,119,16,Driver Inattention/Distraction,PASSENGER VEHICLE
08/30/2016,2,174,620,55,136,71,106,17,Driver Inattention/Distraction,PASSENGER VEHICLE
08/31/2016,4,180,659,57,117,91,117,16,Driver Inattention/Distraction,PASSENGER VEHICLE
09/01/2016,0,167,666,65,128,88,101,20,Driver Inattention/Distraction,PASSENGER VEHICLE
09/02/2016,1,180,691,79,128,97,113,19,Driver Inattention/Distraction,PASSENGER VEHICLE
09/03/2016,0,177,498,51,99,82,66,14,Driver Inattention/Distraction,PASSENGER VEHICLE
09/04/2016,1,156,464,48,109,43,91,8,Driver Inattention/Distraction,PASSENGER VEHICLE
09/05/2016,1,130,419,40,106,53,62,8,Driver Inattention/Distraction,PASSENGER VEHICLE
09/06/2016,1,137,624,58,123,94,101,15,Driver Inattention/Distraction,PASSENGER VEHICLE
09/07/2016,0,153,641,56,111,96,114,17,Driver Inattention/Distraction,PASSENGER VEHICLE
09/08/2016,0,199,715,66,133,96,123,21,Driver Inattention/Distraction,PASSENGER VEHICLE
09/09/2016,0,137,713,70,135,120,120,20,Driver Inattention/Distraction,PASSENGER VEHICLE
09/10/2016,0,192,597,50,110,103,98,11,Driver Inattention/Distraction,PASSENGER VEHICLE
09/11/2016,1,179,533,54,100,72,115,11,Driver Inattention/Distraction,PASSENGER VEHICLE
09/12/2016,0,215,647,64,129,96,103,12,Driver Inattention/Distraction,PASSENGER VEHICLE
09/13/2016,1,242,778,75,132,106,148,25,Driver Inattention/Distraction,PASSENGER VEHICLE
09/14/2016,0,193,777,49,146,126,105,13,Driver Inattention/Distraction,PASSENGER VEHICLE
09/15/2016,1,214,753,68,145,103,117,20,Driver Inattention/Distraction,PASSENGER VEHICLE
09/16/2016,0,184,775,72,140,114,111,19,Driver Inattention/Distraction,PASSENGER VEHICLE
09/17/2016,1,198,641,53,112,92,120,21,Driver Inattention/Distraction,PASSENGER VEHICLE
09/18/2016,0,175,535,47,94,76,101,14,Driver Inattention/Distraction,PASSENGER VEHICLE
09/19/2016,1,196,679,60,133,90,124,20,Driver Inattention/Distraction,PASSENGER VEHICLE
09/20/2016,0,159,618,60,128,86,111,23,Driver Inattention/Distraction,PASSENGER VEHICLE
09/21/2016,0,190,618,64,107,90,104,25,Driver Inattention/Distraction,PASSENGER VEHICLE
09/22/2016,0,189,659,57,136,99,103,15,Driver Inattention/Distraction,PASSENGER VEHICLE
09/23/2016,1,251,810,62,132,101,143,38,Driver Inattention/Distraction,PASSENGER VEHICLE
09/24/2016,1,183,612,62,105,82,123,17,Driver Inattention/Distraction,PASSENGER VEHICLE
09/25/2016,0,167,573,45,105,75,107,15,Driver Inattention/Distraction,PASSENGER VEHICLE
09/26/2016,0,172,618,52,121,85,117,18,Driver Inattention/Distraction,PASSENGER VEHICLE
09/27/2016,1,186,657,68,131,82,109,19,Driver Inattention/Distraction,PASSENGER VEHICLE
09/28/2016,1,162,637,62,120,76,112,13,Driver Inattention/Distraction,PASSENGER VEHICLE
09/29/2016,3,143,623,47,136,87,101,10,Driver Inattention/Distraction,PASSENGER VEHICLE
09/30/2016,1,254,871,67,161,126,146,32,Driver Inattention/Distraction,PASSENGER VEHICLE
10/01/2016,0,163,581,60,108,91,111,19,Driver Inattention/Distraction,PASSENGER VEHICLE
10/02/2016,0,154,485,37,95,69,103,10,Driver Inattention/Distraction,PASSENGER VEHICLE
10/03/2016,0,132,491,57,91,62,97,14,Driver Inattention/Distraction,PASSENGER VEHICLE
10/04/2016,2,119,524,50,87,81,104,21,Driver Inattention/Distraction,PASSENGER VEHICLE
10/05/2016,1,174,694,62,134,97,101,21,Driver Inattention/Distraction,PASSENGER VEHICLE
10/06/2016,0,199,762,62,148,97,129,17,Driver Inattention/Distraction,PASSENGER VEHICLE
10/07/2016,1,173,753,65,152,113,108,27,Driver Inattention/Distraction,PASSENGER VEHICLE
10/08/2016,1,159,633,50,125,104,108,25,Driver Inattention/Distraction,PASSENGER VEHICLE
10/09/2016,0,118,479,42,98,64,79,12,Driver Inattention/Distraction,PASSENGER VEHICLE
10/10/2016,2,158,535,52,115,70,88,15,Driver Inattention/Distraction,PASSENGER VEHICLE
10/11/2016,0,174,739,60,141,105,118,24,Driver Inattention/Distraction,PASSENGER VEHICLE
10/12/2016,0,158,497,34,85,56,108,15,Driver Inattention/Distraction,PASSENGER VEHICLE
10/13/2016,0,177,756,44,164,95,126,22,Driver Inattention/Distraction,PASSENGER VEHICLE
10/14/2016,2,194,762,63,155,105,119,22,Driver Inattention/Distraction,PASSENGER VEHICLE
10/15/2016,2,163,639,61,97,107,107,14,Driver Inattention/Distraction,PASSENGER VEHICLE
10/16/2016,1,171,499,47,97,79,81,18,Driver Inattention/Distraction,PASSENGER VEHICLE
10/17/2016,0,159,584,53,116,82,115,20,Driver Inattention/Distraction,PASSENGER VEHICLE
10/18/2016,1,149,589,52,108,77,110,20,Driver Inattention/Distraction,PASSENGER VEHICLE
10/19/2016,0,180,675,57,125,102,107,24,Driver Inattention/Distraction,PASSENGER VEHICLE
10/20/2016,0,157,661,67,111,102,100,20,Driver Inattention/Distraction,PASSENGER VEHICLE
10/21/2016,1,242,847,70,150,102,165,21,Driver Inattention/Distraction,PASSENGER VEHICLE
10/22/2016,2,201,625,56,105,119,100,21,Driver Inattention/Distraction,PASSENGER VEHICLE
10/23/2016,1,153,534,48,95,70,101,16,Driver Inattention/Distraction,PASSENGER VEHICLE
10/24/2016,1,141,570,65,92,91,101,14,Driver Inattention/Distraction,PASSENGER VEHICLE
10/25/2016,0,139,564,48,113,87,86,22,Driver Inattention/Distraction,PASSENGER VEHICLE
10/26/2016,0,184,699,61,143,92,110,16,Driver Inattention/Distraction,PASSENGER VEHICLE
10/27/2016,0,196,829,62,152,135,129,19,Driver Inattention/Distraction,PASSENGER VEHICLE
10/28/2016,1,171,793,67,147,106,143,27,Driver Inattention/Distraction,PASSENGER VEHICLE
10/29/2016,0,173,607,72,108,83,112,14,Driver Inattention/Distraction,PASSENGER VEHICLE
10/30/2016,0,175,553,34,118,73,89,14,Driver Inattention/Distraction,PASSENGER VEHICLE
10/31/2016,0,167,652,54,129,109,105,16,Driver Inattention/Distraction,PASSENGER VEHICLE
11/01/2015,3,70,312,44,89,53,52,3,Driver Inattention/Distraction,PASSENGER VEHICLE
11/02/2015,0,153,612,56,151,116,110,13,Driver Inattention/Distraction,PASSENGER VEHICLE
11/03/2015,1,169,655,60,169,130,121,15,Driver Inattention/Distraction,PASSENGER VEHICLE
11/04/2015,0,167,672,71,153,126,137,12,Driver Inattention/Distraction,PASSENGER VEHICLE
11/05/2015,2,144,689,63,160,148,120,23,Driver Inattention/Distraction,PASSENGER VEHICLE
11/06/2015,1,134,616,51,133,136,117,23,Driver Inattention/Distraction,PASSENGER VEHICLE
11/07/2015,1,121,499,54,105,120,96,18,Driver Inattention/Distraction,PASSENGER VEHICLE
11/08/2015,2,131,472,35,114,94,103,12,Driver Inattention/Distraction,PASSENGER VEHICLE
11/09/2015,4,174,615,68,155,117,123,20,Other,PASSENGER VEHICLE
11/10/2015,0,192,756,70,174,149,155,29,Other,PASSENGER VEHICLE
11/11/2015,0,129,529,46,123,115,102,23,Other,PASSENGER VEHICLE
11/12/2015,1,139,637,65,152,121,126,18,Other,PASSENGER VEHICLE
11/13/2015,0,144,677,78,152,141,140,14,Other,PASSENGER VEHICLE
11/14/2015,0,143,613,70,119,148,110,18,Other,PASSENGER VEHICLE
11/15/2015,0,133,498,53,110,95,83,17,Other,PASSENGER VEHICLE
11/16/2015,1,155,618,49,155,118,124,23,Other,PASSENGER VEHICLE
11/17/2015,0,162,684,67,160,129,151,22,Other,PASSENGER VEHICLE
11/18/2015,2,132,628,56,142,144,116,26,Other,PASSENGER VEHICLE
11/19/2015,0,200,797,74,204,160,159,25,Other,PASSENGER VEHICLE
11/20/2015,0,203,819,83,200,163,136,28,Other,PASSENGER VEHICLE
11/21/2015,1,125,597,61,137,118,121,23,Other,PASSENGER VEHICLE
11/22/2015,0,116,431,45,82,86,100,11,Other,PASSENGER VEHICLE
11/23/2015,1,151,703,62,183,129,128,22,Other,PASSENGER VEHICLE
11/24/2015,0,140,733,65,180,139,126,23,Other,PASSENGER VEHICLE
11/25/2015,2,165,717,66,170,124,158,20,Other,PASSENGER VEHICLE
11/26/2015,1,112,383,50,84,52,84,12,Other,PASSENGER VEHICLE
11/27/2015,2,145,480,51,122,84,85,18,Other,PASSENGER VEHICLE
11/28/2015,0,160,508,58,118,82,101,20,Other,PASSENGER VEHICLE
11/29/2015,0,120,453,47,97,89,96,12,Other,PASSENGER VEHICLE
11/30/2015,1,132,611,70,143,119,124,13,Other,PASSENGER VEHICLE
12/01/2015,2,192,746,72,190,133,140,25,Other,PASSENGER VEHICLE
12/02/2015,3,170,654,82,140,118,130,15,Other,PASSENGER VEHICLE
12/03/2015,1,123,623,63,143,136,110,17,Other,PASSENGER VEHICLE
12/04/2015,0,144,679,61,156,159,113,18,Other,PASSENGER VEHICLE
12/05/2015,0,176,629,69,136,149,112,15,Other,PASSENGER VEHICLE
12/06/2015,3,134,485,43,106,90,95,20,Other,PASSENGER VEHICLE
12/07/2015,1,152,667,60,149,129,135,26,Other,PASSENGER VEHICLE
12/08/2015,1,119,616,65,117,129,113,19,Other,PASSENGER VEHICLE
12/09/2015,0,114,574,52,139,127,95,24,Other,PASSENGER VEHICLE
12/10/2015,0,146,668,78,144,135,121,20,Other,PASSENGER VEHICLE
12/11/2015,1,150,694,77,150,156,131,19,Other,PASSENGER VEHICLE
12/12/2015,1,139,578,45,121,118,105,17,Other,PASSENGER VEHICLE
12/13/2015,0,142,547,45,126,127,87,15,Other,PASSENGER VEHICLE
12/14/2015,1,140,637,46,154,110,130,14,Other,PASSENGER VEHICLE
12/15/2015,1,165,751,74,186,168,132,23,Other,PASSENGER VEHICLE
12/16/2015,2,149,673,61,180,132,131,24,Other,PASSENGER VEHICLE
12/17/2015,0,179,745,69,152,151,152,32,Other,PASSENGER VEHICLE
12/18/2015,2,190,767,89,185,134,159,15,Other,PASSENGER VEHICLE
12/19/2015,0,121,624,65,169,105,111,22,Other,PASSENGER VEHICLE
12/20/2015,0,128,499,43,131,89,107,19,Other,PASSENGER VEHICLE
12/21/2015,0,138,611,62,159,107,122,20,Other,PASSENGER VEHICLE
12/22/2015,0,161,699,55,169,109,134,26,Other,PASSENGER VEHICLE
12/23/2015,1,231,805,76,202,132,170,23,Other,PASSENGER VEHICLE
12/24/2015,1,162,603,72,147,87,133,23,Other,PASSENGER VEHICLE
12/25/2015,1,121,321,33,65,58,87,4,Other,PASSENGER VEHICLE
12/26/2015,0,123,394,54,71,78,89,9,Other,PASSENGER VEHICLE
12/27/2015,0,166,518,55,123,105,96,12,Other,PASSENGER VEHICLE
12/28/2015,0,107,489,50,124,86,96,10,Other,PASSENGER VEHICLE
12/29/2015,0,129,532,54,117,109,115,20,Other,PASSENGER VEHICLE
12/30/2015,0,145,500,44,113,116,80,15,Other,PASSENGER VEHICLE
12/31/2015,0,96,527,69,127,90,97,14,Other,PASSENGER VEHICLE
